db_id,table,n_columns,n_rows,n_fk_declared,n_pk_cols,null_cells,null_pct,domain
perpetrator,perpetrator,8,5,1,1,0,0.0,other
perpetrator,people,5,11,0,1,0,0.0,other
college_2,classroom,3,30,0,2,0,0.0,education
college_2,department,3,20,0,1,0,0.0,education
college_2,course,4,200,1,1,0,0.0,education
college_2,instructor,4,50,1,1,0,0.0,education
college_2,section,7,100,3,4,0,0.0,education
college_2,teaches,5,100,5,5,0,0.0,education
college_2,student,4,2000,1,1,0,0.0,education
college_2,takes,6,30000,5,5,0,0.0,education
college_2,advisor,2,2000,2,1,0,0.0,education
college_2,time_slot,6,20,0,4,0,0.0,education
college_2,prereq,2,100,2,2,0,0.0,education
flight_company,airport,6,9,0,1,0,0.0,business
flight_company,operate_company,6,14,0,1,0,0.0,business
flight_company,flight,8,13,2,1,0,0.0,business
icfp_1,Inst,3,8,0,1,0,0.0,other
icfp_1,Authors,3,13,0,1,0,0.0,other
icfp_1,Papers,2,7,0,1,0,0.0,other
icfp_1,Authorship,4,14,3,3,0,0.0,other
body_builder,body_builder,5,5,1,1,0,0.0,other
body_builder,people,6,6,0,1,0,0.0,other
storm_record,storm,6,10,0,1,0,0.0,other
storm_record,region,3,13,0,1,0,0.0,other
storm_record,affected_region,3,6,2,2,0,0.0,other
pilot_record,aircraft,7,7,0,1,0,0.0,other
pilot_record,pilot,8,5,0,1,0,0.0,other
pilot_record,pilot_record,4,6,2,3,0,0.0,other
race_track,race,5,7,1,1,0,0.0,other
race_track,track,5,9,0,1,0,0.0,other
academic,author,4,0,0,1,0,0.0,other
academic,conference,3,0,0,1,0,0.0,other
academic,domain,2,0,0,1,0,0.0,other
academic,domain_author,2,0,2,2,0,0.0,other
academic,domain_conference,2,0,2,2,0,0.0,other
academic,journal,3,0,0,1,0,0.0,other
academic,domain_journal,2,0,2,2,0,0.0,other
academic,keyword,2,0,0,1,0,0.0,other
academic,domain_keyword,2,0,2,2,0,0.0,other
academic,publication,8,0,2,1,0,0.0,other
academic,domain_publication,2,0,2,2,0,0.0,other
academic,organization,4,0,0,1,0,0.0,other
academic,publication_keyword,2,0,2,2,0,0.0,other
academic,writes,2,0,2,2,0,0.0,other
academic,cite,2,0,2,0,0,0.0,other
department_store,Addresses,2,15,0,1,0,0.0,business
department_store,Staff,3,15,0,1,0,0.0,business
department_store,Suppliers,3,4,0,1,0,0.0,business
department_store,Department_Store_Chain,2,4,0,1,0,0.0,business
department_store,Customers,7,15,0,1,0,0.0,business
department_store,Products,4,15,0,1,0,0.0,business
department_store,Supplier_Addresses,4,4,2,2,0,0.0,business
department_store,Customer_Addresses,4,15,2,2,0,0.0,business
department_store,Customer_Orders,4,15,1,1,0,0.0,business
department_store,Department_Stores,6,15,1,1,0,0.0,business
department_store,Departments,3,5,1,1,0,0.0,business
department_store,Order_Items,3,15,2,1,0,0.0,business
department_store,Product_Suppliers,6,15,2,2,0,0.0,business
department_store,Staff_Department_Assignments,5,15,2,2,0,0.0,business
music_4,artist,5,7,0,1,0,0.0,entertainment
music_4,volume,6,10,1,1,0,0.0,entertainment
music_4,music_festival,6,9,1,1,0,0.0,entertainment
insurance_fnol,Customers,2,15,0,1,0,0.0,other
insurance_fnol,Services,2,4,0,1,0,0.0,other
insurance_fnol,Available_Policies,3,15,0,1,0,0.0,other
insurance_fnol,Customers_Policies,4,14,2,2,0,0.0,other
insurance_fnol,First_Notification_of_Loss,4,7,3,1,0,0.0,other
insurance_fnol,Claims,3,10,1,1,0,0.0,other
insurance_fnol,Settlements,4,10,1,1,0,0.0,other
cinema,film,7,5,0,1,0,0.0,entertainment
cinema,cinema,5,10,0,1,0,0.0,entertainment
cinema,schedule,5,7,2,2,0,0.0,entertainment
decoration_competition,college,4,5,0,1,0,0.0,other
decoration_competition,member,4,10,1,1,0,0.0,other
decoration_competition,round,4,6,1,2,0,0.0,other
phone_market,phone,5,5,0,1,0,0.0,other
phone_market,market,5,6,0,1,0,0.0,other
phone_market,phone_market,3,6,2,2,0,0.0,other
store_product,product,7,6,0,1,0,0.0,business
store_product,store,6,5,0,1,0,0.0,business
store_product,district,5,15,0,1,0,0.0,business
store_product,store_product,2,15,2,2,0,0.0,business
store_product,store_district,2,5,2,1,0,0.0,business
assets_maintenance,Third_Party_Companies,5,15,0,1,0,0.0,other
assets_maintenance,Maintenance_Contracts,5,15,1,1,15,20.0,other
assets_maintenance,Parts,5,3,0,1,3,20.0,other
assets_maintenance,Skills,3,3,0,1,0,0.0,other
assets_maintenance,Staff,4,15,0,1,11,18.33,other
assets_maintenance,Assets,9,15,2,1,11,8.15,other
assets_maintenance,Asset_Parts,2,15,2,0,0,0.0,other
assets_maintenance,Maintenance_Engineers,5,15,1,1,13,17.33,other
assets_maintenance,Engineer_Skills,2,20,2,0,0,0.0,other
assets_maintenance,Fault_Log,6,15,2,1,15,16.67,other
assets_maintenance,Engineer_Visits,8,15,3,1,15,12.5,other
assets_maintenance,Part_Faults,5,15,1,1,15,20.0,other
assets_maintenance,Fault_Log_Parts,3,15,2,0,0,0.0,other
assets_maintenance,Skills_Required_To_Fix,2,15,2,0,0,0.0,other
student_assessment,Addresses,7,15,0,1,0,0.0,education
student_assessment,People,8,8,0,1,0,0.0,education
student_assessment,Students,2,8,1,1,0,0.0,education
student_assessment,Courses,4,6,0,1,6,25.0,education
student_assessment,People_Addresses,5,8,2,1,0,0.0,education
student_assessment,Student_Course_Registrations,3,9,2,2,0,0.0,education
student_assessment,Student_Course_Attendance,3,8,2,2,0,0.0,education
student_assessment,Candidates,2,8,1,1,0,0.0,education
student_assessment,Candidate_Assessments,4,5,1,2,0,0.0,education
dog_kennels,Breeds,2,3,0,1,0,0.0,other
dog_kennels,Charges,3,3,0,1,0,0.0,other
dog_kennels,Sizes,2,3,0,1,0,0.0,other
dog_kennels,Treatment_Types,2,3,0,1,0,0.0,other
dog_kennels,Owners,10,15,0,1,0,0.0,other
dog_kennels,Dogs,13,15,4,1,0,0.0,other
dog_kennels,Professionals,11,15,0,1,0,0.0,other
dog_kennels,Treatments,6,15,3,1,0,0.0,other
music_1,genre,3,6,0,1,0,0.0,entertainment
music_1,artist,4,6,1,1,0,0.0,entertainment
music_1,files,5,6,1,1,0,0.0,entertainment
music_1,song,9,6,3,1,0,0.0,entertainment
company_employee,people,5,7,0,1,0,0.0,business
company_employee,company,8,19,0,1,0,0.0,business
company_employee,employment,3,5,2,2,0,0.0,business
farm,city,6,5,0,1,0,0.0,other
farm,farm,10,8,0,1,0,0.0,other
farm,farm_competition,5,6,1,1,0,0.0,other
farm,competition_record,3,12,2,2,0,0.0,other
solvency_ii,Addresses,2,15,0,1,0,0.0,other
solvency_ii,Locations,2,15,0,1,0,0.0,other
solvency_ii,Products,4,15,0,1,0,0.0,other
solvency_ii,Parties,2,7,0,1,0,0.0,other
solvency_ii,Assets,2,3,0,1,0,0.0,other
solvency_ii,Channels,2,15,0,1,0,0.0,other
solvency_ii,Finances,2,15,0,1,0,0.0,other
solvency_ii,Events,6,15,3,1,0,0.0,other
solvency_ii,Products_in_Events,3,15,2,1,0,0.0,other
solvency_ii,Parties_in_Events,3,15,2,2,0,0.0,other
solvency_ii,Agreements,2,15,1,1,0,0.0,other
solvency_ii,Assets_in_Events,2,12,2,2,0,0.0,other
city_record,city,6,13,0,1,0,0.0,geography
city_record,match,6,6,0,1,0,0.0,geography
city_record,temperature,12,8,1,1,0,0.0,geography
city_record,hosting_city,3,6,2,1,0,0.0,geography
swimming,swimmer,11,8,0,1,0,0.0,other
swimming,stadium,6,10,0,1,0,0.0,other
swimming,event,4,6,1,1,0,0.0,other
swimming,record,4,13,2,2,0,0.0,other
flight_2,airlines,4,12,0,1,0,0.0,transport
flight_2,airports,5,100,0,1,0,0.0,transport
flight_2,flights,4,1200,2,2,0,0.0,transport
election,county,4,5,0,1,0,0.0,other
election,party,8,7,0,1,0,0.0,other
election,election,7,8,2,1,0,0.0,other
manufactory_1,Manufacturers,5,6,0,1,0,0.0,other
manufactory_1,Products,4,11,1,1,0,0.0,other
debate,people,5,10,0,1,0,0.0,other
debate,debate,4,6,0,1,0,0.0,other
debate,debate_people,4,5,3,3,0,0.0,other
network_2,Person,5,4,0,1,0,0.0,other
network_2,PersonFriend,3,4,2,0,0,0.0,other
local_govt_in_alabama,Services,2,4,0,1,0,0.0,other
local_govt_in_alabama,Participants,3,15,0,1,0,0.0,other
local_govt_in_alabama,Events,3,15,1,1,0,0.0,other
local_govt_in_alabama,Participants_in_Events,2,18,2,2,0,0.0,other
climbing,mountain,6,7,0,1,0,0.0,other
climbing,climber,6,10,1,1,0,0.0,other
e_learning,Course_Authors_and_Tutors,9,15,0,1,0,0.0,other
e_learning,Students,8,15,0,1,0,0.0,other
e_learning,Subjects,2,3,0,1,0,0.0,other
e_learning,Courses,5,15,2,1,0,0.0,other
e_learning,Student_Course_Enrolment,5,20,2,1,0,0.0,other
e_learning,Student_Tests_Taken,3,15,1,0,0,0.0,other
scientist_1,Scientists,2,12,0,1,0,0.0,science
scientist_1,Projects,3,14,0,1,0,0.0,science
scientist_1,AssignedTo,2,12,2,2,0,0.0,science
ship_1,captain,6,7,1,1,0,0.0,transport
ship_1,Ship,6,9,0,1,0,0.0,transport
entertainment_awards,festival_detail,6,5,0,1,0,0.0,other
entertainment_awards,artwork,3,9,0,1,0,0.0,other
entertainment_awards,nomination,3,6,2,2,0,0.0,other
allergy_1,Allergy_Type,2,14,0,1,0,0.0,other
allergy_1,Has_Allergy,2,59,2,0,0,0.0,other
allergy_1,Student,8,34,0,1,0,0.0,other
imdb,actor,6,0,0,1,0,0.0,other
imdb,copyright,3,0,0,1,0,0.0,other
imdb,cast,4,0,2,1,0,0.0,other
imdb,genre,2,0,0,1,0,0.0,other
imdb,classification,3,0,2,1,0,0.0,other
imdb,company,3,0,0,1,0,0.0,other
imdb,director,6,0,0,1,0,0.0,other
imdb,producer,6,0,0,1,0,0.0,other
imdb,directed_by,3,0,2,1,0,0.0,other
imdb,keyword,2,0,0,1,0,0.0,other
imdb,made_by,3,0,2,1,0,0.0,other
imdb,movie,5,0,0,1,0,0.0,other
imdb,tags,3,0,2,1,0,0.0,other
imdb,tv_series,7,0,0,1,0,0.0,other
imdb,writer,7,0,0,1,0,0.0,other
imdb,written_by,3,0,2,0,0,0.0,other
products_for_hire,Discount_Coupons,3,15,0,1,0,0.0,other
products_for_hire,Customers,8,15,1,1,0,0.0,other
products_for_hire,Bookings,11,15,1,1,0,0.0,other
products_for_hire,Products_for_Hire,5,5,0,1,0,0.0,other
products_for_hire,Payments,8,15,2,1,0,0.0,other
products_for_hire,Products_Booked,6,12,2,2,0,0.0,other
products_for_hire,View_Product_Availability,4,4,2,1,0,0.0,other
candidate_poll,candidate,8,6,1,1,0,0.0,other
candidate_poll,people,6,9,0,1,0,0.0,other
chinook_1,Album,3,347,1,1,0,0.0,other
chinook_1,Artist,2,275,0,1,0,0.0,other
chinook_1,Customer,13,59,1,1,130,16.95,other
chinook_1,Employee,15,8,1,1,1,0.83,other
chinook_1,Genre,2,25,0,1,0,0.0,other
chinook_1,Invoice,9,412,1,1,230,6.2,other
chinook_1,InvoiceLine,5,2240,2,1,0,0.0,other
chinook_1,MediaType,2,5,0,1,0,0.0,other
chinook_1,Playlist,2,18,0,1,0,0.0,other
chinook_1,PlaylistTrack,2,8715,2,2,0,0.0,other
chinook_1,Track,9,3503,3,1,978,3.1,other
flight_4,routes,8,67240,3,1,53150,9.88,transport
flight_4,airports,9,7184,0,1,0,0.0,transport
flight_4,airlines,7,6162,0,1,195,0.45,transport
pets_1,Student,8,34,0,1,0,0.0,other
pets_1,Has_Pet,2,3,2,0,0,0.0,other
pets_1,Pets,4,3,0,1,0,0.0,other
dorm_1,Student,8,34,0,1,0,0.0,education
dorm_1,Dorm,4,7,0,0,0,0.0,education
dorm_1,Dorm_amenity,2,12,0,0,0,0.0,education
dorm_1,Has_amenity,2,40,2,0,0,0.0,education
dorm_1,Lives_in,3,31,2,0,0,0.0,education
journal_committee,journal,4,16,0,1,0,0.0,other
journal_committee,editor,3,9,0,1,0,0.0,other
journal_committee,journal_committee,3,7,2,2,0,0.0,other
flight_1,flight,8,10,1,1,0,0.0,transport
flight_1,aircraft,3,16,0,1,0,0.0,transport
flight_1,employee,3,31,0,1,0,0.0,transport
flight_1,certificate,2,69,2,2,0,0.0,transport
medicine_enzyme_interaction,medicine,4,21,0,1,0,0.0,other
medicine_enzyme_interaction,enzyme,7,8,0,1,0,0.0,other
medicine_enzyme_interaction,medicine_enzyme_interaction,3,19,2,2,0,0.0,other
local_govt_and_lot,Customers,2,15,0,1,0,0.0,other
local_govt_and_lot,Properties,4,15,0,1,0,0.0,other
local_govt_and_lot,Residents,5,15,1,3,0,0.0,other
local_govt_and_lot,Organizations,3,3,0,1,0,0.0,other
local_govt_and_lot,Services,4,15,1,1,0,0.0,other
local_govt_and_lot,Residents_Services,7,11,4,2,0,0.0,other
local_govt_and_lot,Things,5,15,1,1,0,0.0,other
local_govt_and_lot,Customer_Events,6,13,5,1,0,0.0,other
local_govt_and_lot,Customer_Event_Notes,6,13,1,1,0,0.0,other
local_govt_and_lot,Timed_Status_of_Things,3,18,1,3,0,0.0,other
local_govt_and_lot,Timed_Locations_of_Things,3,15,1,3,0,0.0,other
station_weather,train,7,11,0,1,0,0.0,other
station_weather,station,4,11,0,1,0,0.0,other
station_weather,route,2,18,2,2,0,0.0,other
station_weather,weekly_weather,6,16,1,2,0,0.0,other
shop_membership,member,5,10,0,1,0,0.0,business
shop_membership,branch,6,8,0,1,0,0.0,business
shop_membership,membership_register_branch,3,8,2,1,0,0.0,business
shop_membership,purchase,4,8,2,3,0,0.0,business
driving_school,Addresses,6,15,0,1,0,0.0,education
driving_school,Staff,9,15,1,1,0,0.0,education
driving_school,Vehicles,2,3,0,1,0,0.0,education
driving_school,Customers,11,15,1,1,0,0.0,education
driving_school,Customer_Payments,4,15,1,2,0,0.0,education
driving_school,Lessons,8,15,3,1,0,0.0,education
concert_singer,stadium,7,9,0,1,0,0.0,entertainment
concert_singer,singer,7,6,0,1,0,0.0,entertainment
concert_singer,concert,5,6,1,1,0,0.0,entertainment
concert_singer,singer_in_concert,2,10,2,2,0,0.0,entertainment
music_2,Songs,2,0,0,1,0,0.0,entertainment
music_2,Albums,5,0,0,1,0,0.0,entertainment
music_2,Band,3,0,0,1,0,0.0,entertainment
music_2,Instruments,3,0,2,3,0,0.0,entertainment
music_2,Performance,3,0,2,2,0,0.0,entertainment
music_2,Tracklists,3,0,2,2,0,0.0,entertainment
music_2,Vocals,3,0,2,2,0,0.0,entertainment
sports_competition,club,4,6,0,1,0,0.0,other
sports_competition,club_rank,6,6,1,2,0,0.0,other
sports_competition,player,8,15,1,1,0,0.0,other
sports_competition,competition,4,11,0,1,0,0.0,other
sports_competition,competition_result,4,6,3,3,0,0.0,other
railway,railway,7,10,0,1,0,0.0,transport
railway,train,6,9,1,1,0,0.0,transport
railway,manager,6,7,0,1,0,0.0,transport
railway,railway_manage,3,4,2,2,0,0.0,transport
inn_1,Rooms,7,10,0,1,0,0.0,other
inn_1,Reservations,9,600,1,1,0,0.0,other
museum_visit,museum,4,8,0,1,0,0.0,other
museum_visit,visitor,4,6,0,1,0,0.0,other
museum_visit,visit,4,6,2,2,0,0.0,other
browser_web,Web_client_accelerator,5,19,0,1,0,0.0,other
browser_web,browser,3,4,0,1,0,0.0,other
browser_web,accelerator_compatible_browser,3,9,2,2,0,0.0,other
baseball_1,all_star,8,5069,1,0,0,0.0,sports
baseball_1,appearances,21,100951,2,0,0,0.0,sports
baseball_1,manager_award,6,177,1,0,0,0.0,sports
baseball_1,player_award,6,6078,1,0,0,0.0,sports
baseball_1,manager_award_vote,7,414,0,0,0,0.0,sports
baseball_1,player_award_vote,7,6795,1,0,0,0.0,sports
baseball_1,batting,22,101332,1,0,0,0.0,sports
baseball_1,batting_postseason,22,11690,2,0,0,0.0,sports
baseball_1,player_college,3,17350,2,0,0,0.0,sports
baseball_1,fielding,18,170526,1,0,0,0.0,sports
baseball_1,fielding_outfield,6,12028,1,0,0,0.0,sports
baseball_1,fielding_postseason,17,12311,2,0,0,0.0,sports
baseball_1,hall_of_fame,9,4120,1,0,0,0.0,sports
baseball_1,home_game,9,2944,2,0,0,0.0,sports
baseball_1,manager,10,3405,1,0,0,0.0,sports
baseball_1,manager_half,10,93,1,0,0,0.0,sports
baseball_1,player,24,18846,0,0,0,0.0,sports
baseball_1,park,6,250,0,0,0,0.0,sports
baseball_1,pitching,30,44139,0,0,0,0.0,sports
baseball_1,pitching_postseason,30,5109,0,0,0,0.0,sports
baseball_1,salary,5,25575,0,0,0,0.0,sports
baseball_1,college,5,1207,0,0,0,0.0,sports
baseball_1,postseason,9,307,0,0,0,0.0,sports
baseball_1,team,48,2805,0,0,0,0.0,sports
baseball_1,team_franchise,4,120,0,0,0,0.0,sports
baseball_1,team_half,10,52,0,0,0,0.0,sports
architecture,architect,4,5,0,1,0,0.0,other
architecture,bridge,6,15,1,1,0,0.0,other
architecture,mill,7,6,1,1,0,0.0,other
csu_1,Campuses,5,23,0,1,0,0.0,other
csu_1,csu_fees,3,23,1,1,0,0.0,other
csu_1,degrees,3,320,1,2,0,0.0,other
csu_1,discipline_enrollments,5,395,1,2,0,0.0,other
csu_1,enrollments,4,1113,1,2,0,0.0,other
csu_1,faculty,3,69,1,0,0,0.0,other
tracking_orders,Customers,3,15,0,1,0,0.0,other
tracking_orders,Invoices,3,15,0,1,0,0.0,other
tracking_orders,Orders,5,15,1,1,15,20.0,other
tracking_orders,Products,3,15,0,1,15,33.33,other
tracking_orders,Order_Items,5,15,2,1,15,20.0,other
tracking_orders,Shipments,6,15,2,1,15,16.67,other
tracking_orders,Shipment_Items,2,15,2,0,0,0.0,other
insurance_policies,Customers,2,15,0,1,0,0.0,other
insurance_policies,Customer_Policies,5,15,1,1,0,0.0,other
insurance_policies,Claims,6,15,1,1,0,0.0,other
insurance_policies,Settlements,7,15,1,1,0,0.0,other
insurance_policies,Payments,5,15,1,1,0,0.0,other
gas_company,company,9,10,0,1,0,0.0,business
gas_company,gas_station,6,11,0,1,0,0.0,business
gas_company,station_company,3,6,2,2,0,0.0,business
e_government,Addresses,6,15,0,1,0,0.0,other
e_government,Services,4,15,0,1,0,0.0,other
e_government,Forms,6,6,1,1,0,0.0,other
e_government,Individuals,7,15,0,1,0,0.0,other
e_government,Organizations,4,5,0,1,0,0.0,other
e_government,Parties,4,15,0,1,0,0.0,other
e_government,Organization_Contact_Individuals,4,15,2,2,0,0.0,other
e_government,Party_Addresses,5,15,2,2,0,0.0,other
e_government,Party_Forms,5,13,2,2,0,0.0,other
e_government,Party_Services,5,15,2,0,0,0.0,other
school_bus,driver,5,12,0,1,0,0.0,education
school_bus,school,5,7,0,1,0,0.0,education
school_bus,school_bus,4,5,2,2,0,0.0,education
machine_repair,repair,4,9,0,1,0,0.0,other
machine_repair,machine,7,9,0,1,0,0.0,other
machine_repair,technician,5,10,0,1,0,0.0,other
machine_repair,repair_assignment,3,9,3,3,0,0.0,other
theme_gallery,artist,5,7,0,1,0,0.0,other
theme_gallery,exhibition,5,6,1,1,0,0.0,other
theme_gallery,exhibition_record,3,13,1,2,0,0.0,other
film_rank,film,5,13,0,1,0,0.0,other
film_rank,market,3,6,0,1,0,0.0,other
film_rank,film_market_estimation,7,9,2,1,0,0.0,other
party_people,region,6,5,0,1,0,0.0,other
party_people,party,6,5,1,1,0,0.0,other
party_people,member,4,15,1,1,0,0.0,other
party_people,party_events,4,8,2,1,0,0.0,other
hospital_1,Physician,4,9,0,1,0,0.0,healthcare
hospital_1,Department,3,3,1,1,0,0.0,healthcare
hospital_1,Affiliated_With,3,11,2,2,0,0.0,healthcare
hospital_1,Procedures,3,7,0,1,0,0.0,healthcare
hospital_1,Trained_In,4,15,2,2,0,0.0,healthcare
hospital_1,Patient,6,4,1,1,0,0.0,healthcare
hospital_1,Nurse,5,3,0,1,0,0.0,healthcare
hospital_1,Appointment,7,9,3,1,2,3.17,healthcare
hospital_1,Medication,4,5,0,1,0,0.0,healthcare
hospital_1,Prescribes,6,3,4,4,1,5.56,healthcare
hospital_1,Block,2,12,0,2,0,0.0,healthcare
hospital_1,Room,5,36,2,1,0,0.0,healthcare
hospital_1,On_Call,5,6,3,5,0,0.0,healthcare
hospital_1,Stay,5,3,2,1,0,0.0,healthcare
hospital_1,Undergoes,6,6,5,4,0,0.0,healthcare
customers_campaigns_ecommerce,Premises,3,15,0,1,0,0.0,business
customers_campaigns_ecommerce,Products,3,15,0,1,0,0.0,business
customers_campaigns_ecommerce,Customers,8,15,0,1,15,12.5,business
customers_campaigns_ecommerce,Mailshot_Campaigns,5,20,0,1,0,0.0,business
customers_campaigns_ecommerce,Customer_Addresses,5,15,2,0,0,0.0,business
customers_campaigns_ecommerce,Customer_Orders,7,15,1,1,0,0.0,business
customers_campaigns_ecommerce,Mailshot_Customers,4,15,2,0,0,0.0,business
customers_campaigns_ecommerce,Order_Items,7,15,2,0,0,0.0,business
gymnast,gymnast,8,7,1,1,0,0.0,other
gymnast,people,5,10,0,1,0,0.0,other
restaurants,GEOGRAPHIC,3,0,0,1,0,0.0,food
restaurants,RESTAURANT,5,0,1,1,0,0.0,food
restaurants,LOCATION,4,0,2,1,0,0.0,food
mountain_photos,mountain,6,23,0,1,0,0.0,other
mountain_photos,camera_lens,5,11,0,1,0,0.0,other
mountain_photos,photos,5,10,2,1,0,0.0,other
battle_death,battle,6,8,0,1,0,0.0,other
battle_death,ship,7,7,1,1,0,0.0,other
battle_death,death,5,13,1,1,0,0.0,other
cre_Doc_Control_Systems,Ref_Document_Types,2,3,0,1,0,0.0,other
cre_Doc_Control_Systems,Roles,2,4,0,1,0,0.0,other
cre_Doc_Control_Systems,Addresses,2,10,0,1,0,0.0,other
cre_Doc_Control_Systems,Ref_Document_Status,2,3,0,1,0,0.0,other
cre_Doc_Control_Systems,Ref_Shipping_Agents,3,5,0,1,0,0.0,other
cre_Doc_Control_Systems,Documents,7,15,3,1,0,0.0,other
cre_Doc_Control_Systems,Employees,4,6,1,1,0,0.0,other
cre_Doc_Control_Systems,Document_Drafts,3,15,1,2,0,0.0,other
cre_Doc_Control_Systems,Draft_Copies,3,8,2,3,0,0.0,other
cre_Doc_Control_Systems,Circulation_History,4,4,4,4,0,0.0,other
cre_Doc_Control_Systems,Documents_Mailed,3,14,2,2,0,0.0,other
tracking_share_transactions,Investors,2,20,0,1,0,0.0,other
tracking_share_transactions,Lots,3,15,1,1,0,0.0,other
tracking_share_transactions,Ref_Transaction_Types,2,2,0,1,0,0.0,other
tracking_share_transactions,Transactions,7,15,2,1,15,14.29,other
tracking_share_transactions,Sales,2,15,1,1,0,0.0,other
tracking_share_transactions,Purchases,2,15,1,0,0,0.0,other
tracking_share_transactions,Transactions_Lots,2,15,2,0,0,0.0,other
apartment_rentals,Apartment_Buildings,7,15,0,1,0,0.0,other
apartment_rentals,Apartments,7,15,1,1,0,0.0,other
apartment_rentals,Apartment_Facilities,2,7,1,2,0,0.0,other
apartment_rentals,Guests,5,15,0,1,0,0.0,other
apartment_rentals,Apartment_Bookings,6,15,2,1,0,0.0,other
apartment_rentals,View_Unit_Status,4,20,2,1,0,0.0,other
student_transcripts_tracking,Addresses,9,15,0,1,30,22.22,education
student_transcripts_tracking,Courses,4,15,0,1,15,25.0,education
student_transcripts_tracking,Departments,4,15,0,1,15,25.0,education
student_transcripts_tracking,Degree_Programs,5,15,1,1,15,20.0,education
student_transcripts_tracking,Sections,5,15,1,1,15,20.0,education
student_transcripts_tracking,Semesters,4,15,0,1,15,25.0,education
student_transcripts_tracking,Students,12,15,2,1,0,0.0,education
student_transcripts_tracking,Student_Enrolment,5,15,3,1,15,20.0,education
student_transcripts_tracking,Student_Enrolment_Courses,3,15,2,1,0,0.0,education
student_transcripts_tracking,Transcripts,3,15,0,1,15,33.33,education
student_transcripts_tracking,Transcript_Contents,2,15,2,0,0,0.0,education
cre_Docs_and_Epenses,Ref_Document_Types,3,5,0,1,0,0.0,other
cre_Docs_and_Epenses,Ref_Budget_Codes,2,3,0,1,0,0.0,other
cre_Docs_and_Epenses,Projects,2,5,0,1,0,0.0,other
cre_Docs_and_Epenses,Documents,7,15,2,1,30,28.57,other
cre_Docs_and_Epenses,Statements,2,2,1,1,0,0.0,other
cre_Docs_and_Epenses,Documents_with_Expenses,3,10,2,1,0,0.0,other
cre_Docs_and_Epenses,Accounts,3,15,1,1,0,0.0,other
ship_mission,mission,7,7,1,1,0,0.0,transport
ship_mission,ship,5,8,0,1,0,0.0,transport
company_office,buildings,6,12,0,1,0,0.0,business
company_office,Companies,8,19,0,1,0,0.0,business
company_office,Office_locations,3,16,2,2,0,0.0,business
tracking_software_problems,Problem_Category_Codes,2,3,0,1,0,0.0,other
tracking_software_problems,Problem_Log,9,15,4,1,0,0.0,other
tracking_software_problems,Problem_Status_Codes,2,2,0,1,0,0.0,other
tracking_software_problems,Product,3,15,0,1,0,0.0,other
tracking_software_problems,Staff,4,15,0,1,0,0.0,other
tracking_software_problems,Problems,8,15,3,1,0,0.0,other
products_gen_characteristics,Ref_Characteristic_Types,2,2,0,1,0,0.0,other
products_gen_characteristics,Ref_Colors,2,8,0,1,0,0.0,other
products_gen_characteristics,Ref_Product_Categories,3,3,0,1,0,0.0,other
products_gen_characteristics,Characteristics,5,15,1,1,15,20.0,other
products_gen_characteristics,Products,8,15,2,1,15,12.5,other
products_gen_characteristics,Product_Characteristics,3,15,2,0,0,0.0,other
coffee_shop,shop,5,10,0,1,0,0.0,business
coffee_shop,member,7,10,0,1,0,0.0,business
coffee_shop,happy_hour,4,10,1,3,0,0.0,business
coffee_shop,happy_hour_member,3,6,1,2,0,0.0,business
riding_club,player,8,14,0,1,0,0.0,other
riding_club,club,4,6,0,1,0,0.0,other
riding_club,coach,5,5,1,1,0,0.0,other
riding_club,player_coach,3,7,2,2,0,0.0,other
riding_club,match_result,7,6,1,2,0,0.0,other
customers_card_transactions,Accounts,4,15,0,1,0,0.0,business
customers_card_transactions,Customers,7,15,0,1,15,14.29,business
customers_card_transactions,Customers_Cards,7,15,0,1,0,0.0,business
customers_card_transactions,Financial_Transactions,9,15,2,0,30,22.22,business
county_public_safety,county_public_safety,9,6,0,1,0,0.0,other
county_public_safety,city,9,17,1,1,0,0.0,other
performance_attendance,member,4,11,0,1,0,0.0,other
performance_attendance,performance,5,6,0,1,0,0.0,other
performance_attendance,member_attendance,3,8,2,2,0,0.0,other
club_1,Student,8,34,0,1,0,0.0,other
club_1,Club,4,4,0,1,0,0.0,other
club_1,Member_of_club,3,4,2,0,0,0.0,other
singer,singer,5,8,0,1,0,0.0,entertainment
singer,song,5,8,1,1,0,0.0,entertainment
culture_company,book_club,7,12,0,1,0,0.0,business
culture_company,movie,6,10,0,1,0,0.0,business
culture_company,culture_company,6,6,2,1,0,0.0,business
cre_Doc_Template_Mgt,Ref_Template_Types,2,5,0,1,0,0.0,other
cre_Doc_Template_Mgt,Templates,6,20,1,1,0,0.0,other
cre_Doc_Template_Mgt,Documents,5,15,1,1,15,20.0,other
cre_Doc_Template_Mgt,Paragraphs,4,15,1,1,15,25.0,other
musical,musical,7,7,0,1,0,0.0,entertainment
musical,actor,6,9,1,1,0,0.0,entertainment
world_1,city,5,4079,1,1,0,0.0,geography
world_1,country,15,239,0,1,133,3.71,geography
world_1,countrylanguage,4,984,1,2,0,0.0,geography
device,device,6,6,0,1,0,0.0,other
device,shop,5,12,0,1,0,0.0,other
device,stock,3,8,2,2,0,0.0,other
tracking_grants_for_research,Document_Types,2,2,0,1,0,0.0,other
tracking_grants_for_research,Documents,6,15,2,1,0,0.0,other
tracking_grants_for_research,Grants,6,15,1,1,0,0.0,other
tracking_grants_for_research,Organisation_Types,2,2,0,1,0,0.0,other
tracking_grants_for_research,Organisations,3,15,1,1,0,0.0,other
tracking_grants_for_research,Project_Outcomes,3,15,2,0,15,33.33,other
tracking_grants_for_research,Project_Staff,6,15,2,1,15,16.67,other
tracking_grants_for_research,Projects,3,15,1,1,0,0.0,other
tracking_grants_for_research,Research_Outcomes,2,2,0,1,0,0.0,other
tracking_grants_for_research,Research_Staff,3,15,1,1,0,0.0,other
tracking_grants_for_research,Staff_Roles,2,2,0,1,0,0.0,other
tracking_grants_for_research,Tasks,4,15,1,1,15,25.0,other
employee_hire_evaluation,employee,4,10,0,1,0,0.0,business
employee_hire_evaluation,shop,6,9,0,1,0,0.0,business
employee_hire_evaluation,hiring,4,7,2,1,0,0.0,business
employee_hire_evaluation,evaluation,3,6,1,2,0,0.0,business
movie_1,Movie,4,8,0,1,1,3.12,entertainment
movie_1,Reviewer,2,8,0,1,0,0.0,entertainment
movie_1,Rating,4,14,2,0,2,3.57,entertainment
network_1,Highschooler,3,16,0,1,0,0.0,other
network_1,Friend,2,20,2,2,0,0.0,other
network_1,Likes,2,10,2,2,0,0.0,other
poker_player,poker_player,6,5,1,1,0,0.0,sports
poker_player,people,5,7,0,1,0,0.0,sports
program_share,program,5,5,0,1,0,0.0,other
program_share,channel,5,10,0,1,0,0.0,other
program_share,broadcast,3,11,2,2,0,0.0,other
program_share,broadcast_share,4,9,2,2,0,0.0,other
aircraft,pilot,3,12,0,1,0,0.0,transport
aircraft,aircraft,6,5,0,1,0,0.0,transport
aircraft,match,7,7,2,1,0,0.0,transport
aircraft,airport,9,10,0,1,0,0.0,transport
aircraft,airport_aircraft,3,4,2,2,0,0.0,transport
restaurant_1,Student,8,34,0,1,0,0.0,food
restaurant_1,Restaurant,4,2,0,1,0,0.0,food
restaurant_1,Type_Of_Restaurant,2,2,2,0,0,0.0,food
restaurant_1,Restaurant_Type,3,2,0,1,0,0.0,food
restaurant_1,Visits_Restaurant,4,2,2,0,0,0.0,food
customers_and_invoices,Customers,12,15,0,1,0,0.0,business
customers_and_invoices,Orders,4,15,1,1,15,25.0,business
customers_and_invoices,Invoices,3,15,1,1,0,0.0,business
customers_and_invoices,Accounts,5,15,1,1,0,0.0,business
customers_and_invoices,Product_Categories,3,4,0,1,0,0.0,business
customers_and_invoices,Products,7,15,1,1,0,0.0,business
customers_and_invoices,Financial_Transactions,8,15,2,0,30,25.0,business
customers_and_invoices,Order_Items,5,15,2,1,15,20.0,business
customers_and_invoices,Invoice_Line_Items,9,15,3,0,15,11.11,business
insurance_and_eClaims,Customers,2,15,0,1,0,0.0,other
insurance_and_eClaims,Staff,2,15,0,1,0,0.0,other
insurance_and_eClaims,Policies,5,15,1,1,0,0.0,other
insurance_and_eClaims,Claim_Headers,8,15,1,1,0,0.0,other
insurance_and_eClaims,Claims_Documents,4,14,2,2,0,0.0,other
insurance_and_eClaims,Claims_Processing_Stages,4,2,0,1,0,0.0,other
insurance_and_eClaims,Claims_Processing,5,15,2,1,0,0.0,other
college_1,CLASS,6,13,2,1,0,0.0,education
college_1,COURSE,4,6,1,1,0,0.0,education
college_1,DEPARTMENT,6,11,1,1,0,0.0,education
college_1,EMPLOYEE,7,37,0,1,0,0.0,education
college_1,ENROLL,3,6,2,0,0,0.0,education
college_1,PROFESSOR,5,22,2,0,0,0.0,education
college_1,STUDENT,12,8,1,1,0,0.0,education
local_govt_mdm,Customer_Master_Index,2,9,0,1,0,0.0,other
local_govt_mdm,CMI_Cross_References,3,21,1,1,0,0.0,other
local_govt_mdm,Council_Tax,2,6,1,1,0,0.0,other
local_govt_mdm,Business_Rates,2,3,1,1,0,0.0,other
local_govt_mdm,Benefits_Overpayments,2,4,1,1,0,0.0,other
local_govt_mdm,Parking_Fines,2,2,1,1,0,0.0,other
local_govt_mdm,Rent_Arrears,2,4,1,1,0,0.0,other
local_govt_mdm,Electoral_Register,2,6,1,1,0,0.0,other
book_2,publication,5,7,1,1,0,0.0,other
book_2,book,4,10,0,1,0,0.0,other
hr_1,regions,2,4,0,1,0,0.0,business
hr_1,countries,3,25,1,1,0,0.0,business
hr_1,departments,4,27,0,1,0,0.0,business
hr_1,jobs,4,19,0,1,0,0.0,business
hr_1,employees,11,107,2,1,0,0.0,business
hr_1,job_history,5,11,3,2,0,0.0,business
hr_1,locations,6,23,1,1,0,0.0,business
soccer_1,Player_Attributes,42,183978,2,1,47301,0.61,sports
soccer_1,Player,7,11060,0,1,0,0.0,sports
soccer_1,League,3,11,1,1,0,0.0,sports
soccer_1,Country,2,11,0,1,0,0.0,sports
soccer_1,Team,5,299,0,1,11,0.74,sports
soccer_1,Team_Attributes,25,1458,2,1,969,2.66,sports
sakila_1,actor,4,200,0,1,0,0.0,other
sakila_1,address,8,603,1,1,4,0.08,other
sakila_1,category,3,16,0,1,0,0.0,other
sakila_1,city,4,600,1,1,0,0.0,other
sakila_1,country,3,109,0,1,0,0.0,other
sakila_1,customer,9,599,2,1,0,0.0,other
sakila_1,film,13,1000,2,1,1000,7.69,other
sakila_1,film_actor,3,5462,2,2,0,0.0,other
sakila_1,film_category,3,1000,2,2,0,0.0,other
sakila_1,film_text,3,0,0,1,0,0.0,other
sakila_1,inventory,4,4581,2,1,0,0.0,other
sakila_1,language,3,0,0,1,0,0.0,other
sakila_1,payment,7,16049,3,1,5,0.0,other
sakila_1,rental,7,16044,3,1,183,0.16,other
sakila_1,staff,11,0,1,1,0,0.0,other
sakila_1,store,4,0,2,1,0,0.0,other
real_estate_properties,Ref_Feature_Types,2,2,0,1,0,0.0,other
real_estate_properties,Ref_Property_Types,2,5,0,1,0,0.0,other
real_estate_properties,Other_Available_Features,4,3,1,1,0,0.0,other
real_estate_properties,Properties,26,15,1,1,210,53.85,other
real_estate_properties,Other_Property_Features,3,15,2,0,0,0.0,other
college_3,Student,8,34,0,1,0,0.0,education
college_3,Faculty,8,58,0,1,0,0.0,education
college_3,Department,6,26,0,1,0,0.0,education
college_3,Member_of,3,63,2,0,0,0.0,education
college_3,Course,7,76,2,1,0,0.0,education
college_3,Minor_in,2,10,2,0,0,0.0,education
college_3,Enrolled_in,3,210,3,0,0,0.0,education
college_3,Gradeconversion,2,13,0,1,0,0.0,education
course_teach,course,3,10,0,1,0,0.0,education
course_teach,teacher,4,7,0,1,0,0.0,education
course_teach,course_arrange,3,6,2,3,0,0.0,education
roller_coaster,roller_coaster,9,6,1,1,0,0.0,other
roller_coaster,country,5,3,0,1,0,0.0,other
customer_deliveries,Products,4,6,0,1,0,0.0,business
customer_deliveries,Addresses,6,15,0,1,0,0.0,business
customer_deliveries,Customers,6,15,0,1,0,0.0,business
customer_deliveries,Regular_Orders,2,15,1,1,0,0.0,business
customer_deliveries,Regular_Order_Products,2,15,2,0,0,0.0,business
customer_deliveries,Actual_Orders,4,15,1,1,0,0.0,business
customer_deliveries,Actual_Order_Products,2,15,2,0,0,0.0,business
customer_deliveries,Customer_Addresses,5,15,2,0,0,0.0,business
customer_deliveries,Delivery_Routes,3,15,0,1,0,0.0,business
customer_deliveries,Delivery_Route_Locations,4,15,2,1,0,0.0,business
customer_deliveries,Trucks,3,15,0,1,0,0.0,business
customer_deliveries,Employees,4,15,1,1,0,0.0,business
customer_deliveries,Order_Deliveries,6,15,4,0,0,0.0,business
game_injury,stadium,6,13,0,1,0,0.0,sports
game_injury,game,8,20,1,1,0,0.0,sports
game_injury,injury_accident,6,15,1,1,0,0.0,sports
school_finance,School,8,8,0,1,0,0.0,education
school_finance,budget,7,8,1,2,0,0.0,education
school_finance,endowment,4,11,1,1,0,0.0,education
scholar,venue,2,0,0,1,0,0.0,other
scholar,author,2,0,0,1,0,0.0,other
scholar,dataset,2,0,0,1,0,0.0,other
scholar,journal,2,0,0,1,0,0.0,other
scholar,keyphrase,2,0,0,1,0,0.0,other
scholar,paper,7,0,2,1,0,0.0,other
scholar,cite,2,0,2,2,0,0.0,other
scholar,paperDataset,2,0,0,2,0,0.0,other
scholar,paperKeyphrase,2,0,2,2,0,0.0,other
scholar,writes,2,0,2,2,0,0.0,other
voter_1,AREA_CODE_STATE,2,305,0,1,0,0.0,other
voter_1,CONTESTANTS,2,11,0,1,0,0.0,other
voter_1,VOTES,5,4,2,1,0,0.0,other
match_season,country,4,6,0,1,0,0.0,other
match_season,team,2,10,0,1,0,0.0,other
match_season,match_season,8,16,2,1,0,0.0,other
match_season,player,7,10,1,1,0,0.0,other
small_bank_1,ACCOUNTS,2,7,0,1,0,0.0,other
small_bank_1,SAVINGS,2,6,1,1,0,0.0,other
small_bank_1,CHECKING,2,7,1,1,0,0.0,other
wta_1,players,6,20662,0,1,0,0.0,sports
wta_1,matches,32,278,2,0,0,0.0,sports
wta_1,rankings,5,510437,1,0,0,0.0,sports
yelp,business,11,0,0,1,0,0.0,other
yelp,category,3,0,1,1,0,0.0,other
yelp,user,3,0,0,1,0,0.0,other
yelp,checkin,4,0,1,1,0,0.0,other
yelp,neighbourhood,3,0,1,1,0,0.0,other
yelp,review,7,0,2,1,0,0.0,other
yelp,tip,7,0,2,1,0,0.0,other
student_1,list,4,60,0,2,0,0.0,education
student_1,teachers,3,12,0,2,0,0.0,education
manufacturer,manufacturer,5,7,0,1,0,0.0,other
manufacturer,furniture,4,7,0,1,0,0.0,other
manufacturer,furniture_manufacte,3,5,2,2,0,0.0,other
store_1,artists,2,275,0,1,0,0.0,business
store_1,albums,3,347,1,1,0,0.0,business
store_1,employees,15,8,1,1,1,0.83,business
store_1,customers,13,59,1,1,130,16.95,business
store_1,genres,2,25,0,1,0,0.0,business
store_1,invoices,9,412,1,1,230,6.2,business
store_1,media_types,2,5,0,1,0,0.0,business
store_1,tracks,9,3503,3,1,978,3.1,business
store_1,invoice_lines,5,2240,2,1,0,0.0,business
store_1,playlists,2,18,0,1,0,0.0,business
store_1,playlist_tracks,2,8715,2,2,0,0.0,business
train_station,station,8,12,0,1,0,0.0,transport
train_station,train,4,11,0,1,0,0.0,transport
train_station,train_station,2,11,2,2,0,0.0,transport
document_management,Roles,2,2,0,1,0,0.0,other
document_management,Users,5,15,1,1,0,0.0,other
document_management,Document_Structures,3,5,0,1,0,0.0,other
document_management,Functional_Areas,3,3,0,1,0,0.0,other
document_management,Images,4,15,0,1,0,0.0,other
document_management,Documents,5,15,1,1,0,0.0,other
document_management,Document_Functional_Areas,2,15,2,0,0,0.0,other
document_management,Document_Sections,5,15,1,1,0,0.0,other
document_management,Document_Sections_Images,2,20,2,2,0,0.0,other
formula_1,circuits,9,73,0,1,0,0.0,other
formula_1,races,8,997,1,1,0,0.0,other
formula_1,drivers,9,842,0,1,0,0.0,other
formula_1,status,2,134,0,1,0,0.0,other
formula_1,seasons,2,69,0,1,0,0.0,other
formula_1,constructors,5,208,0,1,0,0.0,other
formula_1,constructorStandings,7,11896,2,1,0,0.0,other
formula_1,results,18,23777,3,1,0,0.0,other
formula_1,driverStandings,7,31726,2,1,0,0.0,other
formula_1,constructorResults,5,11142,2,1,0,0.0,other
formula_1,qualifying,9,7516,3,1,0,0.0,other
formula_1,pitStops,7,0,2,3,0,0.0,other
formula_1,lapTimes,6,0,2,3,0,0.0,other
game_1,Student,8,34,0,1,0,0.0,sports
game_1,Video_Games,3,6,0,1,0,0.0,sports
game_1,Plays_Games,3,10,2,0,0,0.0,sports
game_1,SportsInfo,5,14,1,0,0,0.0,sports
loan_1,bank,5,4,0,1,0,0.0,other
loan_1,customer,8,3,1,1,0,0.0,other
loan_1,loan,5,3,2,1,0,0.0,other
bike_1,station,7,70,0,1,0,0.0,transport
bike_1,status,4,8487,1,0,0,0.0,transport
bike_1,trip,11,9959,0,1,0,0.0,transport
bike_1,weather,24,3665,0,0,0,0.0,transport
entrepreneur,entrepreneur,5,6,1,1,0,0.0,other
entrepreneur,people,5,8,0,1,0,0.0,other
orchestra,conductor,5,12,0,1,0,0.0,entertainment
orchestra,orchestra,6,12,1,1,0,0.0,entertainment
orchestra,performance,7,11,1,1,0,0.0,entertainment
orchestra,show,5,5,1,0,0,0.0,entertainment
cre_Drama_Workshop_Groups,Ref_Payment_Methods,2,3,0,1,0,0.0,business
cre_Drama_Workshop_Groups,Ref_Service_Types,3,4,0,1,0,0.0,business
cre_Drama_Workshop_Groups,Addresses,6,20,0,1,20,16.67,business
cre_Drama_Workshop_Groups,Products,5,15,0,1,30,40.0,business
cre_Drama_Workshop_Groups,Marketing_Regions,4,8,0,1,8,25.0,business
cre_Drama_Workshop_Groups,Clients,6,20,1,1,17,14.17,business
cre_Drama_Workshop_Groups,Drama_Workshop_Groups,8,15,1,1,12,10.0,business
cre_Drama_Workshop_Groups,Performers,6,20,1,1,17,14.17,business
cre_Drama_Workshop_Groups,Customers,6,15,1,1,13,14.44,business
cre_Drama_Workshop_Groups,Stores,7,10,2,1,6,8.57,business
cre_Drama_Workshop_Groups,Bookings,9,15,2,1,15,11.11,business
cre_Drama_Workshop_Groups,Performers_in_Bookings,2,18,2,2,0,0.0,business
cre_Drama_Workshop_Groups,Customer_Orders,7,15,2,1,15,14.29,business
cre_Drama_Workshop_Groups,Order_Items,5,15,2,1,15,20.0,business
cre_Drama_Workshop_Groups,Invoices,7,15,3,1,15,14.29,business
cre_Drama_Workshop_Groups,Services,7,15,2,1,30,28.57,business
cre_Drama_Workshop_Groups,Bookings_Services,2,12,2,2,0,0.0,business
cre_Drama_Workshop_Groups,Invoice_Items,7,2,4,1,1,7.14,business
car_1,continents,2,5,0,1,0,0.0,transport
car_1,countries,3,15,1,1,0,0.0,transport
car_1,car_makers,4,22,1,1,0,0.0,transport
car_1,model_list,3,36,1,1,0,0.0,transport
car_1,car_names,3,406,1,1,0,0.0,transport
car_1,cars_data,8,406,1,1,0,0.0,transport
geo,state,6,0,0,1,0,0.0,geography
geo,city,4,0,1,2,0,0.0,geography
geo,border_info,2,0,2,2,0,0.0,geography
geo,highlow,5,0,1,1,0,0.0,geography
geo,lake,4,0,0,0,0,0.0,geography
geo,mountain,4,0,1,2,0,0.0,geography
geo,river,4,0,1,1,0,0.0,geography
behavior_monitoring,Ref_Address_Types,2,2,0,1,0,0.0,other
behavior_monitoring,Ref_Detention_Type,2,3,0,1,0,0.0,other
behavior_monitoring,Ref_Incident_Type,2,3,0,1,0,0.0,other
behavior_monitoring,Addresses,9,20,0,1,60,33.33,other
behavior_monitoring,Students,10,15,1,1,11,7.33,other
behavior_monitoring,Teachers,9,15,1,1,14,10.37,other
behavior_monitoring,Assessment_Notes,6,15,2,0,30,33.33,other
behavior_monitoring,Behavior_Incident,8,15,2,1,42,35.0,other
behavior_monitoring,Detention,7,15,2,1,30,28.57,other
behavior_monitoring,Student_Addresses,6,20,2,0,0,0.0,other
behavior_monitoring,Students_in_Detention,3,15,3,0,0,0.0,other
cre_Doc_Tracking_DB,Ref_Document_Types,3,4,0,1,0,0.0,other
cre_Doc_Tracking_DB,Ref_Calendar,2,15,0,1,0,0.0,other
cre_Doc_Tracking_DB,Ref_Locations,3,5,0,1,0,0.0,other
cre_Doc_Tracking_DB,Roles,3,5,0,1,0,0.0,other
cre_Doc_Tracking_DB,All_Documents,6,15,2,1,30,33.33,other
cre_Doc_Tracking_DB,Employees,6,15,1,1,15,16.67,other
cre_Doc_Tracking_DB,Document_Locations,4,15,4,3,0,0.0,other
cre_Doc_Tracking_DB,Documents_to_be_Destroyed,6,11,5,1,11,16.67,other
university_basketball,basketball_match,12,4,1,1,0,0.0,education
university_basketball,university,8,5,0,1,0,0.0,education
soccer_2,College,3,4,0,1,0,0.0,sports
soccer_2,Player,4,6,0,1,0,0.0,sports
soccer_2,Tryout,4,6,2,2,0,0.0,sports
activity_1,Activity,2,16,0,1,0,0.0,other
activity_1,Participates_in,2,70,2,0,0,0.0,other
activity_1,Faculty_Participates_in,2,40,2,0,0,0.0,other
activity_1,Student,8,34,0,1,0,0.0,other
activity_1,Faculty,8,58,0,1,0,0.0,other
cre_Theme_park,Ref_Hotel_Star_Ratings,2,5,0,1,0,0.0,other
cre_Theme_park,Locations,4,15,0,1,15,25.0,other
cre_Theme_park,Ref_Attraction_Types,2,5,0,1,0,0.0,other
cre_Theme_park,Visitors,2,20,0,1,0,0.0,other
cre_Theme_park,Features,2,5,0,1,0,0.0,other
cre_Theme_park,Hotels,5,20,1,1,20,20.0,other
cre_Theme_park,Tourist_Attractions,8,15,2,1,45,37.5,other
cre_Theme_park,Street_Markets,2,2,1,1,0,0.0,other
cre_Theme_park,Shops,2,4,1,1,0,0.0,other
cre_Theme_park,Museums,2,3,1,1,0,0.0,other
cre_Theme_park,Royal_Family,2,2,1,1,2,50.0,other
cre_Theme_park,Theme_Parks,2,3,1,1,0,0.0,other
cre_Theme_park,Visits,5,20,2,1,0,0.0,other
cre_Theme_park,Photos,6,15,1,1,30,33.33,other
cre_Theme_park,Staff,4,20,1,1,20,25.0,other
cre_Theme_park,Tourist_Attraction_Features,2,18,2,2,0,0.0,other
twitter_1,follows,2,9,2,2,0,0.0,other
twitter_1,tweets,4,8,1,1,0,0.0,other
twitter_1,user_profiles,5,7,0,1,0,0.0,other
election_representative,election,7,5,1,1,0,0.0,other
election_representative,representative,5,7,0,1,0,0.0,other
voter_2,Student,8,34,0,1,0,0.0,other
voter_2,Voting_record,9,10,7,0,0,0.0,other
wedding,people,5,12,0,1,0,0.0,other
wedding,church,5,9,0,1,0,0.0,other
wedding,wedding,4,4,3,3,0,0.0,other
news_report,event,5,5,0,1,0,0.0,other
news_report,journalist,5,11,0,1,0,0.0,other
news_report,news_report,3,7,2,2,0,0.0,other
wine_1,grapes,3,20,0,1,0,0.0,food
wine_1,appellations,6,57,0,1,0,0.0,food
wine_1,wine,11,500,2,0,0,0.0,food
customers_and_addresses,Addresses,7,15,0,1,15,14.29,business
customers_and_addresses,Products,2,3,0,1,0,0.0,business
customers_and_addresses,Customers,5,15,0,1,13,17.33,business
customers_and_addresses,Customer_Addresses,5,15,2,0,0,0.0,business
customers_and_addresses,Customer_Contact_Channels,5,20,1,0,0,0.0,business
customers_and_addresses,Customer_Orders,5,15,1,1,10,13.33,business
customers_and_addresses,Order_Items,3,15,2,0,0,0.0,business
protein_institute,building,6,8,0,1,0,0.0,science
protein_institute,Institution,9,11,1,1,0,0.0,science
protein_institute,protein,7,5,1,1,0,0.0,science
school_player,school,10,6,0,1,0,0.0,education
school_player,school_details,6,6,1,1,0,0.0,education
school_player,school_performance,4,22,1,2,0,0.0,education
school_player,player,6,23,1,1,0,0.0,education
phone_1,chip_model,7,14,0,1,0,0.0,other
phone_1,screen_mode,7,7,0,1,0,0.0,other
phone_1,phone,7,8,2,1,0,0.0,other
tvshow,TV_Channel,9,15,0,1,0,0.0,entertainment
tvshow,TV_series,9,12,1,1,0,0.0,entertainment
tvshow,Cartoon,7,12,1,1,0,0.0,entertainment
wrestler,wrestler,6,10,0,1,0,0.0,other
wrestler,Elimination,6,6,1,1,0,0.0,other
customer_complaints,Staff,6,7,0,1,0,0.0,business
customer_complaints,Customers,8,8,0,1,0,0.0,business
customer_complaints,Products,8,4,0,1,0,0.0,business
customer_complaints,Complaints,9,12,3,0,0,0.0,business
department_management,department,6,15,0,1,0,0.0,other
department_management,head,4,10,0,1,0,0.0,other
department_management,management,3,5,2,2,0,0.0,other
customers_and_products_contacts,Addresses,6,15,0,1,0,0.0,business
customers_and_products_contacts,Products,4,15,0,1,0,0.0,business
customers_and_products_contacts,Customers,7,15,0,1,0,0.0,business
customers_and_products_contacts,Contacts,6,15,0,1,0,0.0,business
customers_and_products_contacts,Customer_Address_History,4,20,2,0,0,0.0,business
customers_and_products_contacts,Customer_Orders,4,15,1,1,0,0.0,business
customers_and_products_contacts,Order_Items,4,15,2,0,0,0.0,business
company_1,works_on,3,16,0,2,1,2.08,business
company_1,employee,10,8,0,1,1,1.25,business
company_1,department,4,3,0,1,0,0.0,business
company_1,project,4,6,0,1,0,0.0,business
company_1,dependent,5,7,0,2,0,0.0,business
company_1,dept_locations,2,5,0,2,0,0.0,business
workshop_paper,workshop,4,6,0,1,0,0.0,business
workshop_paper,submission,4,10,0,1,0,0.0,business
workshop_paper,Acceptance,3,6,2,2,0,0.0,business
epinions_1,item,2,8,0,1,0,0.0,other
epinions_1,review,5,7,2,1,0,0.0,other
epinions_1,useracct,2,7,0,1,0,0.0,other
epinions_1,trust,3,9,2,0,0,0.0,other
party_host,party,6,8,0,1,0,0.0,other
party_host,host,4,10,0,1,0,0.0,other
party_host,party_host,3,6,2,2,0,0.0,other
product_catalog,Attribute_Definitions,3,4,0,1,0,0.0,other
product_catalog,Catalogs,5,8,0,1,0,0.0,other
product_catalog,Catalog_Structure,3,3,1,1,0,0.0,other
product_catalog,Catalog_Contents,14,15,1,1,0,0.0,other
product_catalog,Catalog_Contents_Additional_Attributes,4,15,2,0,0,0.0,other
